iso3,month,ndvi_mean
AFG,1,0.0984999984502792
AFG,2,0.095499999821186
AFG,3,0.1040000021457672
AFG,4,0.1310999989509582
AFG,5,0.1671999990940094
AFG,6,0.164900004863739
AFG,7,0.152099996805191
AFG,8,0.1418000012636184
AFG,9,0.1358000040054321
AFG,10,0.1255999952554702
AFG,11,0.1137999966740608
AFG,12,0.1053000018000602
AGO,1,0.6820999979972839
AGO,2,0.6930000185966492
AGO,3,0.6858000159263611
AGO,4,0.6638000011444092
AGO,5,0.5928000211715698
AGO,6,0.5110999941825867
AGO,7,0.4307000041007995
AGO,8,0.4034000039100647
AGO,9,0.4465999901294708
AGO,10,0.5012999773025513
AGO,11,0.5976999998092651
AGO,12,0.6607999801635742
ALB,1,0.4436999857425689
ALB,2,0.4408999979496002
ALB,3,0.4869000017642975
ALB,4,0.5787000060081482
ALB,5,0.6714000105857849
ALB,6,0.6572999954223633
ALB,7,0.6230000257492065
ALB,8,0.5827999711036682
ALB,9,0.5920000076293945
ALB,10,0.6222000122070312
ALB,11,0.576200008392334
ALB,12,0.5242999792098999
ARE,1,0.1062000021338462
ARE,2,0.1064999997615814
ARE,3,0.1102999970316886
ARE,4,0.1105000004172325
ARE,5,0.1080999970436096
ARE,6,0.1081999987363815
ARE,7,0.1050999984145164
ARE,8,0.1042999997735023
ARE,9,0.1071999967098236
ARE,10,0.1045999974012374
ARE,11,0.1070000007748603
ARE,12,0.1064999997615814
ARG,1,0.4174000024795532
ARG,2,0.4219000041484833
ARG,3,0.4462999999523163
ARG,4,0.4250999987125397
ARG,5,0.3982000052928924
ARG,6,0.3693000078201294
ARG,7,0.3348999917507171
ARG,8,0.3212000131607055
ARG,9,0.3231000006198883
ARG,10,0.3565999865531921
ARG,11,0.3837999999523163
ARG,12,0.3914999961853027
ARM,1,0.1115000024437904
ARM,2,0.1343999952077865
ARM,3,0.1644999980926513
ARM,4,0.4004000127315521
ARM,5,0.5752000212669373
ARM,6,0.6489999890327454
ARM,7,0.6054999828338623
ARM,8,0.5281000137329102
ARM,9,0.4586000144481659
ARM,10,0.4232000112533569
ARM,11,0.3131999969482422
ARM,12,0.2567999958992004
ATF,1,0.4287999868392944
ATF,2,0.4424999952316284
ATF,3,0.4390000104904175
ATF,4,0.4241000115871429
ATF,5,0.3433000147342682
ATF,6,0.1985000073909759
ATF,7,0.2008000016212463
ATF,8,0.3075999915599823
ATF,9,0.3084000051021576
ATF,10,0.3169000148773193
ATF,11,0.3291000127792358
ATF,12,0.398499995470047
AUS,1,0.3125
AUS,2,0.3388000130653381
AUS,3,0.3524999916553497
AUS,4,0.3610999882221222
AUS,5,0.3607999980449676
AUS,6,0.3643999993801117
AUS,7,0.3704999983310699
AUS,8,0.3641000092029571
AUS,9,0.3402000069618225
AUS,10,0.315200001001358
AUS,11,0.2865999937057495
AUS,12,0.3145000040531158
AUT,1,0.3745000064373016
AUT,2,0.4241000115871429
AUT,3,0.4634999930858612
AUT,4,0.5468999743461609
AUT,5,0.6897000074386597
AUT,6,0.7156999707221985
AUT,7,0.7204999923706055
AUT,8,0.7139000296592712
AUT,9,0.6944000124931335
AUT,10,0.6473000049591064
AUT,11,0.6186000108718872
AUT,12,0.554099977016449
AZE,1,0.3102000057697296
AZE,2,0.3050999939441681
AZE,3,0.3512000143527984
AZE,4,0.4837000072002411
AZE,5,0.5257999897003174
AZE,6,0.4866000115871429
AZE,7,0.4711000025272369
AZE,8,0.4670000076293945
AZE,9,0.4253999888896942
AZE,10,0.4097999930381775
AZE,11,0.3544000089168548
AZE,12,0.3352999985218048
BDI,1,0.6861000061035156
BDI,2,0.6620000004768372
BDI,3,0.6797000169754028
BDI,4,0.7113000154495239
BDI,5,0.6711999773979187
BDI,6,0.6025000214576721
BDI,7,0.5317000150680542
BDI,8,0.4596999883651733
BDI,9,0.4327000081539154
BDI,10,0.4760999977588653
BDI,11,0.60589998960495
BDI,12,0.7081000208854675
BEL,1,0.5629000067710876
BEL,2,0.5776000022888184
BEL,3,0.5918999910354614
BEL,4,0.6589000225067139
BEL,5,0.6922000050544739
BEL,6,0.6739000082015991
BEL,7,0.6776000261306763
BEL,8,0.7095999717712402
BEL,9,0.7099000215530396
BEL,10,0.7129999995231628
BEL,11,0.6650000214576721
BEL,12,0.6133999824523926
BEN,1,0.3815999925136566
BEN,2,0.3091000020503998
BEN,3,0.3398000001907348
BEN,4,0.4163999855518341
BEN,5,0.4973999857902527
BEN,6,0.58160001039505
BEN,7,0.6186000108718872
BEN,8,0.6741999983787537
BEN,9,0.7197999954223633
BEN,10,0.7032999992370605
BEN,11,0.5781000256538391
BEN,12,0.4343000054359436
BFA,1,0.2644999921321869
BFA,2,0.2322999984025955
BFA,3,0.2313999980688095
BFA,4,0.2442000061273574
BFA,5,0.2657000124454498
BFA,6,0.3303000032901764
BFA,7,0.4296999871730804
BFA,8,0.5652999877929688
BFA,9,0.6294999718666077
BFA,10,0.5551999807357788
BFA,11,0.3971000015735626
BFA,12,0.3097000122070312
BGD,1,0.524399995803833
BGD,2,0.5525000095367432
BGD,3,0.6205999851226807
BGD,4,0.6057999730110168
BGD,5,0.5835999846458435
BGD,6,0.6139000058174133
BGD,7,0.579200029373169
BGD,8,0.6464999914169312
BGD,9,0.6902999877929688
BGD,10,0.7111999988555908
BGD,11,0.6078000068664551
BGD,12,0.5123999714851379
BGR,1,0.4043999910354614
BGR,2,0.4241000115871429
BGR,3,0.5058000087738037
BGR,4,0.652999997138977
BGR,5,0.7422000169754028
BGR,6,0.7062000036239624
BGR,7,0.6169999837875366
BGR,8,0.5619000196456909
BGR,9,0.5338000059127808
BGR,10,0.5389999747276306
BGR,11,0.460099995136261
BGR,12,0.4611999988555908
BHS,1,0.4918999969959259
BHS,2,0.4684000015258789
BHS,3,0.4481000006198883
BHS,4,0.4314000010490417
BHS,5,0.4045000076293945
BHS,6,0.4133999943733215
BHS,7,0.4228000044822693
BHS,8,0.4298000037670135
BHS,9,0.4354000091552734
BHS,10,0.4593999981880188
BHS,11,0.4934000074863434
BHS,12,0.505299985408783
BIH,1,0.4119000136852264
BIH,2,0.4744000136852264
BIH,3,0.4954000115394592
BIH,4,0.6298999786376953
BIH,5,0.7710000276565552
BIH,6,0.807699978351593
BIH,7,0.7939000129699707
BIH,8,0.7414000034332275
BIH,9,0.7177000045776367
BIH,10,0.695900022983551
BIH,11,0.6096000075340271
BIH,12,0.5278000235557556
BLR,1,0.1243999972939491
BLR,2,0.4314000010490417
BLR,3,0.4474000036716461
BLR,4,0.5756000280380249
BLR,5,0.7059999704360962
BLR,6,0.7603999972343445
BLR,7,0.7574999928474426
BLR,8,0.7376999855041504
BLR,9,0.6809999942779541
BLR,10,0.6270999908447266
BLR,11,0.5440000295639038
BLR,12,0.4647000133991241
BLZ,1,0.7904000282287598
BLZ,2,0.8004000186920166
BLZ,3,0.7495999932289124
BLZ,4,0.6973999738693237
BLZ,5,0.7067999839782715
BLZ,6,0.7174999713897705
BLZ,7,0.754800021648407
BLZ,8,0.7824000120162964
BLZ,9,0.7986999750137329
BLZ,10,0.7936000227928162
BLZ,11,0.800000011920929
BLZ,12,0.7793999910354614
BOL,1,0.6413999795913696
BOL,2,0.6578999757766724
BOL,3,0.6629999876022339
BOL,4,0.6517000198364258
BOL,5,0.6298999786376953
BOL,6,0.5860000252723694
BOL,7,0.5407000184059143
BOL,8,0.5040000081062317
BOL,9,0.4778000116348266
BOL,10,0.5249000191688538
BOL,11,0.5928000211715698
BOL,12,0.6323999762535095
BRA,1,0.7448999881744385
BRA,2,0.75
BRA,3,0.7602999806404114
BRA,4,0.7574999928474426
BRA,5,0.7458000183105469
BRA,6,0.7085000276565552
BRA,7,0.6671000123023987
BRA,8,0.6284000277519226
BRA,9,0.5996999740600586
BRA,10,0.6309000253677368
BRA,11,0.6894000172615051
BRA,12,0.7285000085830688
BRN,1,0.7886999845504761
BRN,2,0.7910000085830688
BRN,3,0.7792999744415283
BRN,4,0.7950000166893005
BRN,5,0.7950000166893005
BRN,6,0.8046000003814697
BRN,7,0.809499979019165
BRN,8,0.8108999729156494
BRN,9,0.8097000122070312
BRN,10,0.7915999889373779
BRN,11,0.7860999703407288
BRN,12,0.7820000052452087
BTN,1,0.5978000164031982
BTN,2,0.5357999801635742
BTN,3,0.5370000004768372
BTN,4,0.569100022315979
BTN,5,0.6413999795913696
BTN,6,0.6966000199317932
BTN,7,0.7105000019073486
BTN,8,0.7426999807357788
BTN,9,0.7527999877929688
BTN,10,0.7095000147819519
BTN,11,0.6744999885559082
BTN,12,0.6432999968528748
BWA,1,0.4137000143527984
BWA,2,0.4142000079154968
BWA,3,0.3610999882221222
BWA,4,0.3684999942779541
BWA,5,0.3422000110149383
BWA,6,0.2919999957084656
BWA,7,0.2569999992847442
BWA,8,0.2340999990701675
BWA,9,0.2247000038623809
BWA,10,0.2179999947547912
BWA,11,0.2278999984264373
BWA,12,0.3149000108242035
CAF,1,0.5561000108718872
CAF,2,0.4936000108718872
CAF,3,0.5649999976158142
CAF,4,0.6535999774932861
CAF,5,0.6866000294685364
CAF,6,0.7605999708175659
CAF,7,0.7979000210762024
CAF,8,0.7960000038146973
CAF,9,0.8062000274658203
CAF,10,0.7940999865531921
CAF,11,0.7451000213623047
CAF,12,0.6376000046730042
CAN,1,0.0408999994397163
CAN,2,0.0593000017106533
CAN,3,0.0667999982833862
CAN,4,0.1411000043153762
CAN,5,0.2987000048160553
CAN,6,0.454800009727478
CAN,7,0.5353000164031982
CAN,8,0.5400999784469604
CAN,9,0.4787999987602234
CAN,10,0.373199999332428
CAN,11,0.1965000033378601
CAN,12,0.1221000030636787
CHE,1,0.3019999861717224
CHE,2,0.3589999973773956
CHE,3,0.3738000094890594
CHE,4,0.4343000054359436
CHE,5,0.5676000118255615
CHE,6,0.6413999795913696
CHE,7,0.6725000143051147
CHE,8,0.6783000230789185
CHE,9,0.6819999814033508
CHE,10,0.618399977684021
CHE,11,0.5611000061035156
CHE,12,0.4225000143051147
CHL,1,0.42739999294281
CHL,2,0.438400000333786
CHL,3,0.4368999898433685
CHL,4,0.4320999979972839
CHL,5,0.3889000117778778
CHL,6,0.3468999862670898
CHL,7,0.320499986410141
CHL,8,0.3705999851226806
CHL,9,0.3792999982833862
CHL,10,0.4178000092506408
CHL,11,0.435699999332428
CHL,12,0.4431999921798706
CHN,1,0.2250999957323074
CHN,2,0.223700001835823
CHN,3,0.2434999942779541
CHN,4,0.2998000085353851
CHN,5,0.3700999915599823
CHN,6,0.430400013923645
CHN,7,0.4930000007152557
CHN,8,0.5091000199317932
CHN,9,0.4762000143527984
CHN,10,0.3747000098228454
CHN,11,0.3005000054836273
CHN,12,0.266400009393692
CIV,1,0.5598999857902527
CIV,2,0.5034000277519226
CIV,3,0.6028000116348267
CIV,4,0.6643999814987183
CIV,5,0.7005000114440918
CIV,6,0.717199981212616
CIV,7,0.7394000291824341
CIV,8,0.7560999989509583
CIV,9,0.7700999975204468
CIV,10,0.7674000263214111
CIV,11,0.7163000106811523
CIV,12,0.6136000156402588
CMR,1,0.573199987411499
CMR,2,0.5110999941825867
CMR,3,0.5888000130653381
CMR,4,0.6568999886512756
CMR,5,0.6935999989509583
CMR,6,0.7484999895095825
CMR,7,0.7487000226974487
CMR,8,0.7572000026702881
CMR,9,0.7678999900817871
CMR,10,0.7651000022888184
CMR,11,0.728600025177002
CMR,12,0.6323000192642212
COD,1,0.7202000021934509
COD,2,0.73089998960495
COD,3,0.7608000040054321
COD,4,0.7807000279426575
COD,5,0.7541999816894531
COD,6,0.7087000012397766
COD,7,0.6528000235557556
COD,8,0.6572999954223633
COD,9,0.7110000252723694
COD,10,0.751800000667572
COD,11,0.7878000140190125
COD,12,0.7749999761581421
COG,1,0.6868000030517578
COG,2,0.6615999937057495
COG,3,0.7450000047683716
COG,4,0.7741000056266785
COG,5,0.7580000162124634
COG,6,0.7037000060081482
COG,7,0.6348999738693237
COG,8,0.6319000124931335
COG,9,0.7235000133514404
COG,10,0.7548999786376953
COG,11,0.7718999981880188
COG,12,0.7311999797821045
COL,1,0.7580000162124634
COL,2,0.7286999821662903
COL,3,0.7265999913215637
COL,4,0.7379000186920166
COL,5,0.765999972820282
COL,6,0.7753000259399414
COL,7,0.7702999711036682
COL,8,0.7706999778747559
COL,9,0.7685999870300293
COL,10,0.7717000246047974
COL,11,0.7742999792098999
COL,12,0.7633000016212463
CRI,1,0.7950999736785889
CRI,2,0.7645999789237976
CRI,3,0.7245000004768372
CRI,4,0.7138000130653381
CRI,5,0.7649999856948853
CRI,6,0.809499979019165
CRI,7,0.8061000108718872
CRI,8,0.8069000244140625
CRI,9,0.8082000017166138
CRI,10,0.8187000155448914
CRI,11,0.8068000078201294
CRI,12,0.7979000210762024
CUB,1,0.7239999771118164
CUB,2,0.6872000098228455
CUB,3,0.6377000212669373
CUB,4,0.6053000092506409
CUB,5,0.6412000060081482
CUB,6,0.7249000072479248
CUB,7,0.7554000020027161
CUB,8,0.7487999796867371
CUB,9,0.7781000137329102
CUB,10,0.7864999771118164
CUB,11,0.7809000015258789
CUB,12,0.753000020980835
CYP,1,0.5490000247955322
CYP,2,0.5997999906539917
CYP,3,0.5550000071525574
CYP,4,0.461899995803833
CYP,5,0.3709999918937683
CYP,6,0.3181000053882599
CYP,7,0.3158999979496002
CYP,8,0.3122000098228454
CYP,9,0.3221000134944916
CYP,10,0.3346999883651733
CYP,11,0.359499990940094
CYP,12,0.4808999896049499
CZE,1,0.4810999929904938
CZE,2,0.5095999836921692
CZE,3,0.5570999979972839
CZE,4,0.6399000287055969
CZE,5,0.7396000027656555
CZE,6,0.7494000196456909
CZE,7,0.6841999888420105
CZE,8,0.6557999849319458
CZE,9,0.6378999948501587
CZE,10,0.6481000185012817
CZE,11,0.6105999946594238
CZE,12,0.5723000168800354
DEU,1,0.5382999777793884
DEU,2,0.5464000105857849
DEU,3,0.5722000002861023
DEU,4,0.6499000191688538
DEU,5,0.7231000065803528
DEU,6,0.7343000173568726
DEU,7,0.7041000127792358
DEU,8,0.6822999715805054
DEU,9,0.6660000085830688
DEU,10,0.6686999797821045
DEU,11,0.6396999955177307
DEU,12,0.5996000170707703
DJI,1,0.1240999996662139
DJI,2,0.119499996304512
DJI,3,0.1129999980330467
DJI,4,0.1509000062942505
DJI,5,0.1539999991655349
DJI,6,0.1207000017166137
DJI,7,0.1084999963641166
DJI,8,0.1422999948263168
DJI,9,0.1599999964237213
DJI,10,0.1587000042200088
DJI,11,0.1544999927282333
DJI,12,0.1410000026226043
DNK,1,0.2221000045537948
DNK,2,0.5210999846458435
DNK,3,0.5160999894142151
DNK,4,0.5882999897003174
DNK,5,0.6809999942779541
DNK,6,0.751800000667572
DNK,7,0.7164999842643738
DNK,8,0.6480000019073486
DNK,9,0.6353999972343445
DNK,10,0.6481999754905701
DNK,11,0.5827000141143799
DNK,12,0.5270000100135803
DOM,1,0.7364000082015991
DOM,2,0.7042999863624573
DOM,3,0.6588000059127808
DOM,4,0.6622999906539917
DOM,5,0.7289999723434448
DOM,6,0.7390000224113464
DOM,7,0.7253000140190125
DOM,8,0.720300018787384
DOM,9,0.7348999977111816
DOM,10,0.7490000128746033
DOM,11,0.7699000239372253
DOM,12,0.7615000009536743
DZA,1,0.1178999990224838
DZA,2,0.122699998319149
DZA,3,0.1256999969482422
DZA,4,0.123999997973442
DZA,5,0.1208000034093856
DZA,6,0.1137000024318695
DZA,7,0.1106000021100044
DZA,8,0.1107999980449676
DZA,9,0.1098000034689903
DZA,10,0.1137999966740608
DZA,11,0.1159999966621398
DZA,12,0.1185000017285347
ECU,1,0.7728000283241272
ECU,2,0.7735000252723694
ECU,3,0.7771999835968018
ECU,4,0.7785000205039978
ECU,5,0.7684999704360962
ECU,6,0.7692000269889832
ECU,7,0.7533000111579895
ECU,8,0.7455999851226807
ECU,9,0.732699990272522
ECU,10,0.7247999906539917
ECU,11,0.7146999835968018
ECU,12,0.7174999713897705
EGY,1,0.1215000003576278
EGY,2,0.1257999986410141
EGY,3,0.1243000030517578
EGY,4,0.1199000030755996
EGY,5,0.1134999990463256
EGY,6,0.1141000017523765
EGY,7,0.1189000010490417
EGY,8,0.1190000027418136
EGY,9,0.1136000007390976
EGY,10,0.1102999970316886
EGY,11,0.1127000004053115
EGY,12,0.1163000017404556
ERI,1,0.1826999932527542
ERI,2,0.1719000041484832
ERI,3,0.1613000035285949
ERI,4,0.1534000039100647
ERI,5,0.148399993777275
ERI,6,0.1521999984979629
ERI,7,0.2247000038623809
ERI,8,0.3183999955654144
ERI,9,0.3544999957084656
ERI,10,0.2764999866485595
ERI,11,0.24719999730587
ERI,12,0.229200005531311
ESH,1,0.0912000015377998
ESH,2,0.0866999998688697
ESH,3,0.0890000015497207
ESH,4,0.0843999981880188
ESH,5,0.0881000012159347
ESH,6,0.0864000022411346
ESH,7,0.0834000036120414
ESH,8,0.0847999975085258
ESH,9,0.0817999988794326
ESH,10,0.0872000008821487
ESH,11,0.091399997472763
ESH,12,0.0923999994993209
ESP,1,0.522599995136261
ESP,2,0.5200999975204468
ESP,3,0.5317000150680542
ESP,4,0.5392000079154968
ESP,5,0.520799994468689
ESP,6,0.4623000025749206
ESP,7,0.4336000084877014
ESP,8,0.4133999943733215
ESP,9,0.4180999994277954
ESP,10,0.460999995470047
ESP,11,0.5034999847412109
ESP,12,0.5246999859809875
EST,1,0.1171000003814697
EST,2,0.3549000024795532
EST,3,0.4101999998092651
EST,4,0.4796999990940094
EST,5,0.6366999745368958
EST,6,0.7616999745368958
EST,7,0.7605000138282776
EST,8,0.7441999912261963
EST,9,0.7215999960899353
EST,10,0.6938999891281128
EST,11,0.5529999732971191
EST,12,0.3028999865055084
ETH,1,0.387499988079071
ETH,2,0.3422000110149383
ETH,3,0.328900009393692
ETH,4,0.4368000030517578
ETH,5,0.4767000079154968
ETH,6,0.4717999994754791
ETH,7,0.4833999872207641
ETH,8,0.5209000110626221
ETH,9,0.5288000106811523
ETH,10,0.5332000255584717
ETH,11,0.5178999900817871
ETH,12,0.4314000010490417
FIN,1,0.0835999995470047
FIN,2,0.1442999988794326
FIN,3,0.1578000038862228
FIN,4,0.296099990606308
FIN,5,0.597599983215332
FIN,6,0.7275999784469604
FIN,7,0.7709000110626221
FIN,8,0.7559999823570251
FIN,9,0.7182000279426575
FIN,10,0.6844000220298767
FIN,11,0.3533999919891357
FIN,12,0.2187000066041946
FJI,1,0.8022000193595886
FJI,2,0.8223000168800354
FJI,3,0.8238000273704529
FJI,4,0.8546000123023987
FJI,5,0.8525999784469604
FJI,6,0.8391000032424927
FJI,7,0.8252999782562256
FJI,8,0.8043000102043152
FJI,9,0.7864999771118164
FJI,10,0.7908999919891357
FJI,11,0.7851999998092651
FJI,12,0.8098999857902527
FLK,1,0.5491999983787537
FLK,2,0.5608000159263611
FLK,3,0.5903000235557556
FLK,4,0.5658000111579895
FLK,5,0.5047000050544739
FLK,6,0.4392000138759613
FLK,7,0.4435000121593475
FLK,8,0.5300999879837036
FLK,9,0.5371000170707703
FLK,10,0.531000018119812
FLK,11,0.5230000019073486
FLK,12,0.5551000237464905
GAB,1,0.6754000186920166
GAB,2,0.6710000038146973
GAB,3,0.7689999938011169
GAB,4,0.7986000180244446
GAB,5,0.7843999862670898
GAB,6,0.741599977016449
GAB,7,0.6973000168800354
GAB,8,0.6888999938964844
GAB,9,0.7727000117301941
GAB,10,0.7796000242233276
GAB,11,0.775600016117096
GAB,12,0.722000002861023
GBR,1,0.5600000023841858
GBR,2,0.588699996471405
GBR,3,0.6040999889373779
GBR,4,0.6499000191688538
GBR,5,0.7141000032424927
GBR,6,0.742900013923645
GBR,7,0.7264999747276306
GBR,8,0.694100022315979
GBR,9,0.6762999892234802
GBR,10,0.6615999937057495
GBR,11,0.6366000175476074
GBR,12,0.5647000074386597
GEO,1,0.2655999958515167
GEO,2,0.2815000116825104
GEO,3,0.3104999959468841
GEO,4,0.501800000667572
GEO,5,0.6797000169754028
GEO,6,0.7555000185966492
GEO,7,0.7588000297546387
GEO,8,0.7495999932289124
GEO,9,0.7023000121116638
GEO,10,0.6427000164985657
GEO,11,0.439300000667572
GEO,12,0.3772999942302704
GHA,1,0.4350000023841858
GHA,2,0.3648000061511993
GHA,3,0.4480000138282776
GHA,4,0.5202999711036682
GHA,5,0.5803999900817871
GHA,6,0.6412000060081482
GHA,7,0.6764000058174133
GHA,8,0.6765000224113464
GHA,9,0.7019000053405762
GHA,10,0.715499997138977
GHA,11,0.6261000037193298
GHA,12,0.4878000020980835
GIN,1,0.4760999977588653
GIN,2,0.4181999862194061
GIN,3,0.4361999928951263
GIN,4,0.4837999939918518
GIN,5,0.5504000186920166
GIN,6,0.6470000147819519
GIN,7,0.7215999960899353
GIN,8,0.7656999826431274
GIN,9,0.7760000228881836
GIN,10,0.7538999915122986
GIN,11,0.6782000064849854
GIN,12,0.5544999837875366
GMB,1,0.3449999988079071
GMB,2,0.2957000136375427
GMB,3,0.2754999995231628
GMB,4,0.2648000121116638
GMB,5,0.2678000032901764
GMB,6,0.2732000052928924
GMB,7,0.4632000029087066
GMB,8,0.6187000274658203
GMB,9,0.696399986743927
GMB,10,0.6830000281333923
GMB,11,0.5741999745368958
GMB,12,0.4325000047683716
GNB,1,0.5533999800682068
GNB,2,0.4945000112056732
GNB,3,0.4663000106811523
GNB,4,0.4427999854087829
GNB,5,0.4548999965190887
GNB,6,0.5170000195503235
GNB,7,0.6690000295639038
GNB,8,0.7386999726295471
GNB,9,0.751800000667572
GNB,10,0.7287999987602234
GNB,11,0.7017999887466431
GNB,12,0.6391000151634216
GNQ,1,0.6717000007629395
GNQ,2,0.6718000173568726
GNQ,3,0.7670999765396118
GNQ,4,0.8240000009536743
GNQ,5,0.7935000061988831
GNQ,6,0.7728999853134155
GNQ,7,0.7436000108718872
GNQ,8,0.7287999987602234
GNQ,9,0.7885000109672546
GNQ,10,0.7778000235557556
GNQ,11,0.7811999917030334
GNQ,12,0.707099974155426
GRC,1,0.5551999807357788
GRC,2,0.5497000217437744
GRC,3,0.5727999806404114
GRC,4,0.5968000292778015
GRC,5,0.5895000100135803
GRC,6,0.5498999953269958
GRC,7,0.5217999815940857
GRC,8,0.5169000029563904
GRC,9,0.5325999855995178
GRC,10,0.5382000207901001
GRC,11,0.5073000192642212
GRC,12,0.5260000228881836
GRL,1,-0.0958999991416931
GRL,2,-0.064300000667572
GRL,3,-0.0355999991297721
GRL,4,-0.0307999998331069
GRL,5,-0.0291000008583068
GRL,6,-0.0076999999582767
GRL,7,-9.999999747378752e-05
GRL,8,0.009800000116229
GRL,9,-0.0082000000402331
GRL,10,-0.0379000008106231
GRL,11,-0.0732999965548515
GRL,12,-0.0811000019311904
GTM,1,0.7324000000953674
GTM,2,0.7091000080108643
GTM,3,0.6622999906539917
GTM,4,0.6141999959945679
GTM,5,0.6448000073432922
GTM,6,0.7039999961853027
GTM,7,0.7599999904632568
GTM,8,0.7813000082969666
GTM,9,0.791100025177002
GTM,10,0.7897999882698059
GTM,11,0.7890999913215637
GTM,12,0.7609999775886536
GUY,1,0.7946000099182129
GUY,2,0.7763000130653381
GUY,3,0.7692000269889832
GUY,4,0.7649000287055969
GUY,5,0.7799000144004822
GUY,6,0.7906000018119812
GUY,7,0.7900000214576721
GUY,8,0.7990999817848206
GUY,9,0.8065000176429749
GUY,10,0.8083999752998352
GUY,11,0.7979999780654907
GUY,12,0.7900000214576721
HND,1,0.7523999810218811
HND,2,0.7161999940872192
HND,3,0.656000018119812
HND,4,0.635699987411499
HND,5,0.6662999987602234
HND,6,0.7148000001907349
HND,7,0.7563999891281128
HND,8,0.7757999897003174
HND,9,0.7839000225067139
HND,10,0.7864999771118164
HND,11,0.7874000072479248
HND,12,0.7670999765396118
HRV,1,0.4740999937057495
HRV,2,0.4749999940395355
HRV,3,0.5058000087738037
HRV,4,0.6491000056266785
HRV,5,0.734000027179718
HRV,6,0.7523000240325928
HRV,7,0.7396000027656555
HRV,8,0.6901999711990356
HRV,9,0.6589999794960022
HRV,10,0.6462000012397766
HRV,11,0.5756000280380249
HRV,12,0.5184000134468079
HTI,1,0.647599995136261
HTI,2,0.6140000224113464
HTI,3,0.566100001335144
HTI,4,0.5370000004768372
HTI,5,0.6352999806404114
HTI,6,0.6746000051498413
HTI,7,0.6664999723434448
HTI,8,0.6650000214576721
HTI,9,0.6912000179290771
HTI,10,0.7175999879837036
HTI,11,0.7361999750137329
HTI,12,0.704200029373169
HUN,1,0.4104999899864197
HUN,2,0.4169999957084656
HUN,3,0.5127999782562256
HUN,4,0.6297000050544739
HUN,5,0.6808000206947327
HUN,6,0.6970999836921692
HUN,7,0.6452000141143799
HUN,8,0.5651000142097473
HUN,9,0.5160999894142151
HUN,10,0.5683000087738037
HUN,11,0.516700029373169
HUN,12,0.4794000089168548
IDN,1,0.7853999733924866
IDN,2,0.7936000227928162
IDN,3,0.7932000160217285
IDN,4,0.7973999977111816
IDN,5,0.796500027179718
IDN,6,0.7924000024795532
IDN,7,0.7874000072479248
IDN,8,0.7821999788284302
IDN,9,0.7760999798774719
IDN,10,0.7724999785423279
IDN,11,0.781000018119812
IDN,12,0.7843999862670898
IND,1,0.5073999762535095
IND,2,0.4801999926567077
IND,3,0.430400013923645
IND,4,0.3783999979496002
IND,5,0.3736999928951263
IND,6,0.4316000044345855
IND,7,0.5464000105857849
IND,8,0.6585000157356262
IND,9,0.6693999767303467
IND,10,0.6226999759674072
IND,11,0.5188999772071838
IND,12,0.4945999979972839
IRL,1,0.7071999907493591
IRL,2,0.7181000113487244
IRL,3,0.72079998254776
IRL,4,0.7461000084877014
IRL,5,0.7757999897003174
IRL,6,0.777899980545044
IRL,7,0.770799994468689
IRL,8,0.7750999927520752
IRL,9,0.7781999707221985
IRL,10,0.7462000250816345
IRL,11,0.7307999730110168
IRL,12,0.6891999840736389
IRN,1,0.127700001001358
IRN,2,0.1272000074386596
IRN,3,0.1416999995708465
IRN,4,0.1685999929904937
IRN,5,0.1833000034093856
IRN,6,0.1648000031709671
IRN,7,0.1411000043153762
IRN,8,0.1336999982595443
IRN,9,0.1317999958992004
IRN,10,0.1287000030279159
IRN,11,0.1253000050783157
IRN,12,0.1238000020384788
IRQ,1,0.1894000023603439
IRQ,2,0.2141000032424926
IRQ,3,0.2213999927043914
IRQ,4,0.2157000005245208
IRQ,5,0.1678999960422516
IRQ,6,0.1362999975681305
IRQ,7,0.12950000166893
IRQ,8,0.1284999996423721
IRQ,9,0.1280999928712844
IRQ,10,0.1301999986171722
IRQ,11,0.1424999982118606
IRQ,12,0.1509999930858612
ISL,1,-0.092299997806549
ISL,2,-0.034800000488758
ISL,3,0.0115999998524785
ISL,4,0.0395999997854232
ISL,5,0.1473000049591064
ISL,6,0.2644999921321869
ISL,7,0.3625000119209289
ISL,8,0.3957999944686889
ISL,9,0.3637000024318695
ISL,10,0.2084999978542328
ISL,11,0.0410000011324882
ISL,12,-0.0520000010728836
ISR,1,0.3300999999046325
ISR,2,0.3515999913215637
ISR,3,0.3310000002384186
ISR,4,0.2666999995708465
ISR,5,0.2275000065565109
ISR,6,0.2074999958276748
ISR,7,0.2048999965190887
ISR,8,0.1996999979019165
ISR,9,0.1934999972581863
ISR,10,0.1942999958992004
ISR,11,0.1968999952077865
ISR,12,0.219200000166893
ITA,1,0.4975000023841858
ITA,2,0.5092999935150146
ITA,3,0.5455999970436096
ITA,4,0.593500018119812
ITA,5,0.6348000168800354
ITA,6,0.6061000227928162
ITA,7,0.5934000015258789
ITA,8,0.5792999863624573
ITA,9,0.5978000164031982
ITA,10,0.5878999829292297
ITA,11,0.5795000195503235
ITA,12,0.5457000136375427
JAM,1,0.8062000274658203
JAM,2,0.7684000134468079
JAM,3,0.7286999821662903
JAM,4,0.7080000042915344
JAM,5,0.742900013923645
JAM,6,0.7635999917984009
JAM,7,0.7470999956130981
JAM,8,0.7454000115394592
JAM,9,0.786300003528595
JAM,10,0.8141000270843506
JAM,11,0.8289999961853027
JAM,12,0.8151999711990356
JOR,1,0.1405999958515167
JOR,2,0.1536000072956085
JOR,3,0.1492000073194503
JOR,4,0.13680000603199
JOR,5,0.1225999966263771
JOR,6,0.1190999969840049
JOR,7,0.1178999990224838
JOR,8,0.1172000020742416
JOR,9,0.1150000020861625
JOR,10,0.1142000034451484
JOR,11,0.1156999990344047
JOR,12,0.1196999996900558
JPN,1,0.4101999998092651
JPN,2,0.415800005197525
JPN,3,0.4325000047683716
JPN,4,0.5730000138282776
JPN,5,0.7109000086784363
JPN,6,0.7692999839782715
JPN,7,0.7993000149726868
JPN,8,0.8023999929428101
JPN,9,0.7878999710083008
JPN,10,0.7325000166893005
JPN,11,0.6552000045776367
JPN,12,0.6008999943733215
KAZ,1,0.0414999984204769
KAZ,2,0.0372000001370906
KAZ,3,0.1481000036001205
KAZ,4,0.2928999960422516
KAZ,5,0.3533999919891357
KAZ,6,0.3521000146865845
KAZ,7,0.3382999897003174
KAZ,8,0.3156000077724457
KAZ,9,0.274399995803833
KAZ,10,0.2337000072002411
KAZ,11,0.1842000037431717
KAZ,12,0.123599998652935
KEN,1,0.4912000000476837
KEN,2,0.4043000042438507
KEN,3,0.3811999857425689
KEN,4,0.5138000249862671
KEN,5,0.5439000129699707
KEN,6,0.4562999904155731
KEN,7,0.4043999910354614
KEN,8,0.3887999951839447
KEN,9,0.3630000054836273
KEN,10,0.3418000042438507
KEN,11,0.4099000096321106
KEN,12,0.4837000072002411
KGZ,1,0.0428999997675418
KGZ,2,0.033500000834465
KGZ,3,0.0826999992132186
KGZ,4,0.2111999988555908
KGZ,5,0.3535999953746795
KGZ,6,0.4171999990940094
KGZ,7,0.4180000126361847
KGZ,8,0.369700014591217
KGZ,9,0.3061000108718872
KGZ,10,0.2135999947786331
KGZ,11,0.1181999966502189
KGZ,12,0.0888999998569488
KHM,1,0.5673999786376953
KHM,2,0.511900007724762
KHM,3,0.488099992275238
KHM,4,0.4814999997615814
KHM,5,0.5799999833106995
KHM,6,0.659600019454956
KHM,7,0.7081000208854675
KHM,8,0.7077999711036682
KHM,9,0.7264000177383423
KHM,10,0.7131999731063843
KHM,11,0.6868000030517578
KHM,12,0.6488000154495239
KOR,1,0.4101000130176544
KOR,2,0.3937000036239624
KOR,3,0.3910999894142151
KOR,4,0.566100001335144
KOR,5,0.6915000081062317
KOR,6,0.7286999821662903
KOR,7,0.7748000025749207
KOR,8,0.7950999736785889
KOR,9,0.7681000232696533
KOR,10,0.6887999773025513
KOR,11,0.541100025177002
KOR,12,0.4537999927997589
KWT,1,0.1008000001311302
KWT,2,0.1024999991059303
KWT,3,0.1039000004529953
KWT,4,0.0983999967575073
KWT,5,0.0920000001788139
KWT,6,0.089599996805191
KWT,7,0.0869999974966049
KWT,8,0.0878999978303909
KWT,9,0.0857999995350837
KWT,10,0.0851000025868415
KWT,11,0.0854000002145767
KWT,12,0.0872000008821487
LAO,1,0.7207000255584717
LAO,2,0.6802999973297119
LAO,3,0.659500002861023
LAO,4,0.6657000184059143
LAO,5,0.6976000070571899
LAO,6,0.7689999938011169
LAO,7,0.795199990272522
LAO,8,0.8058000206947327
LAO,9,0.817799985408783
LAO,10,0.8180000185966492
LAO,11,0.7972000241279602
LAO,12,0.7484999895095825
LBN,1,0.4034000039100647
LBN,2,0.4075999855995178
LBN,3,0.417600005865097
LBN,4,0.4365000128746032
LBN,5,0.4129000008106231
LBN,6,0.3492000102996826
LBN,7,0.3296999931335449
LBN,8,0.3163000047206878
LBN,9,0.3050000071525574
LBN,10,0.3095000088214874
LBN,11,0.3021999895572662
LBN,12,0.3251000046730041
LBR,1,0.7017999887466431
LBR,2,0.6593999862670898
LBR,3,0.7240999937057495
LBR,4,0.7602999806404114
LBR,5,0.7789999842643738
LBR,6,0.7821999788284302
LBR,7,0.7853000164031982
LBR,8,0.7975000143051147
LBR,9,0.800599992275238
LBR,10,0.8062000274658203
LBR,11,0.7774999737739563
LBR,12,0.7247999906539917
LBY,1,0.1079000011086463
LBY,2,0.1124000027775764
LBY,3,0.1119000017642974
LBY,4,0.1105000004172325
LBY,5,0.1075000017881393
LBY,6,0.1081999987363815
LBY,7,0.1084000021219253
LBY,8,0.1071999967098236
LBY,9,0.1046999990940094
LBY,10,0.1057000011205673
LBY,11,0.1042999997735023
LBY,12,0.1046999990940094
LKA,1,0.7712000012397766
LKA,2,0.7305999994277954
LKA,3,0.6851999759674072
LKA,4,0.6827999949455261
LKA,5,0.7261999845504761
LKA,6,0.7512000203132629
LKA,7,0.7193999886512756
LKA,8,0.7092000246047974
LKA,9,0.7006000280380249
LKA,10,0.7232000231742859
LKA,11,0.7404000163078308
LKA,12,0.7631999850273132
LSO,1,0.5166000127792358
LSO,2,0.5051000118255615
LSO,3,0.4517000019550323
LSO,4,0.448199987411499
LSO,5,0.4068000018596649
LSO,6,0.3461000025272369
LSO,7,0.2989000082015991
LSO,8,0.2712999880313873
LSO,9,0.2815999984741211
LSO,10,0.3019999861717224
LSO,11,0.3684999942779541
LSO,12,0.3921000063419342
LTU,1,0.1176000013947486
LTU,2,0.4941000044345855
LTU,3,0.4697999954223633
LTU,4,0.6011000275611877
LTU,5,0.7221999764442444
LTU,6,0.7724999785423279
LTU,7,0.7145000100135803
LTU,8,0.6807000041007996
LTU,9,0.6761999726295471
LTU,10,0.682200014591217
LTU,11,0.635699987411499
LTU,12,0.479200005531311
LUX,1,0.6111000180244446
LUX,2,0.5986999869346619
LUX,3,0.6302000284194946
LUX,4,0.6973000168800354
LUX,5,0.7565000057220459
LUX,6,0.7537000179290771
LUX,7,0.7264000177383423
LUX,8,0.7441999912261963
LUX,9,0.7451000213623047
LUX,10,0.7402999997138977
LUX,11,0.6561999917030334
LUX,12,0.6208000183105469
LVA,1,0.1369999945163726
LVA,2,0.4354000091552734
LVA,3,0.4528999924659729
LVA,4,0.5644999742507935
LVA,5,0.7207000255584717
LVA,6,0.786899983882904
LVA,7,0.7677000164985657
LVA,8,0.7448999881744385
LVA,9,0.734499990940094
LVA,10,0.7037000060081482
LVA,11,0.6015999913215637
LVA,12,0.413100004196167
MAR,1,0.166700005531311
MAR,2,0.1673000007867813
MAR,3,0.1770000010728836
MAR,4,0.1748999953269958
MAR,5,0.1588999927043914
MAR,6,0.1414999961853027
MAR,7,0.1337999999523162
MAR,8,0.1324999928474426
MAR,9,0.1324999928474426
MAR,10,0.1436000019311905
MAR,11,0.1581999957561493
MAR,12,0.1625999957323074
MDA,1,0.166700005531311
MDA,2,0.3402000069618225
MDA,3,0.3772000074386596
MDA,4,0.5515000224113464
MDA,5,0.6353999972343445
MDA,6,0.6234999895095825
MDA,7,0.5853999853134155
MDA,8,0.5081999897956848
MDA,9,0.4611000120639801
MDA,10,0.541100025177002
MDA,11,0.5019000172615051
MDA,12,0.4652999937534332
MDG,1,0.5716000199317932
MDG,2,0.6207000017166138
MDG,3,0.652899980545044
MDG,4,0.6208999752998352
MDG,5,0.5684000253677368
MDG,6,0.5235000252723694
MDG,7,0.4817000031471252
MDG,8,0.4411999881267547
MDG,9,0.4171999990940094
MDG,10,0.4011000096797943
MDG,11,0.4052000045776367
MDG,12,0.4508000016212463
MEX,1,0.4483999907970428
MEX,2,0.4199000000953674
MEX,3,0.3910999894142151
MEX,4,0.3632999956607818
MEX,5,0.3468999862670898
MEX,6,0.3955000042915344
MEX,7,0.5105999708175659
MEX,8,0.550000011920929
MEX,9,0.5591999888420105
MEX,10,0.5273000001907349
MEX,11,0.4842000007629394
MEX,12,0.4501999914646148
MKD,1,0.3729999959468841
MKD,2,0.393200010061264
MKD,3,0.4359999895095825
MKD,4,0.5889000296592712
MKD,5,0.7056999802589417
MKD,6,0.6931999921798706
MKD,7,0.6516000032424927
MKD,8,0.6017000079154968
MKD,9,0.5993000268936157
MKD,10,0.5978999733924866
MKD,11,0.4837999939918518
MKD,12,0.4465999901294708
MLI,1,0.1645999997854232
MLI,2,0.1542000025510788
MLI,3,0.1527000069618225
MLI,4,0.1527999937534332
MLI,5,0.1561000049114227
MLI,6,0.1648000031709671
MLI,7,0.2286999970674514
MLI,8,0.3012999892234802
MLI,9,0.3244000077247619
MLI,10,0.2874999940395355
MLI,11,0.2309000045061111
MLI,12,0.1949000060558319
MMR,1,0.7059999704360962
MMR,2,0.6462000012397766
MMR,3,0.5861999988555908
MMR,4,0.5698000192642212
MMR,5,0.6136999726295471
MMR,6,0.7092999815940857
MMR,7,0.7506999969482422
MMR,8,0.769599974155426
MMR,9,0.7904999852180481
MMR,10,0.7900999784469604
MMR,11,0.7822999954223633
MMR,12,0.7462999820709229
MNE,1,0.3217999935150146
MNE,2,0.3919999897480011
MNE,3,0.4375
MNE,4,0.5551000237464905
MNE,5,0.7196999788284302
MNE,6,0.7735000252723694
MNE,7,0.7505999803543091
MNE,8,0.7145000100135803
MNE,9,0.6852999925613403
MNE,10,0.6664999723434448
MNE,11,0.5702000260353088
MNE,12,0.4377000033855438
MNG,1,0.0186000000685453
MNG,2,0.0248000007122755
MNG,3,0.1027999967336654
MNG,4,0.1430000066757202
MNG,5,0.2298000007867813
MNG,6,0.2833999991416931
MNG,7,0.3411000072956085
MNG,8,0.3718999922275543
MNG,9,0.3255999982357025
MNG,10,0.2027000039815902
MNG,11,0.1367000043392181
MNG,12,0.1186000034213066
MOZ,1,0.6976000070571899
MOZ,2,0.7116000056266785
MOZ,3,0.7148000001907349
MOZ,4,0.7178000211715698
MOZ,5,0.6657999753952026
MOZ,6,0.5982000231742859
MOZ,7,0.527899980545044
MOZ,8,0.4417999982833862
MOZ,9,0.3973999917507171
MOZ,10,0.3975000083446502
MOZ,11,0.4605999886989593
MOZ,12,0.538100004196167
MRT,1,0.1102000027894973
MRT,2,0.1084999963641166
MRT,3,0.1099999994039535
MRT,4,0.1085999980568885
MRT,5,0.1093000024557113
MRT,6,0.1064999997615814
MRT,7,0.1173999980092048
MRT,8,0.1429000049829483
MRT,9,0.1544000059366226
MRT,10,0.1401000022888183
MRT,11,0.1221000030636787
MRT,12,0.1128000020980835
MWI,1,0.588100016117096
MWI,2,0.6358000040054321
MWI,3,0.6621000170707703
MWI,4,0.6327000260353088
MWI,5,0.5615000128746033
MWI,6,0.4912000000476837
MWI,7,0.4280000030994415
MWI,8,0.3626999855041504
MWI,9,0.3314000070095062
MWI,10,0.3194000124931335
MWI,11,0.356000006198883
MWI,12,0.4293000102043152
MYS,1,0.7982000112533569
MYS,2,0.805899977684021
MYS,3,0.7950999736785889
MYS,4,0.8015999794006348
MYS,5,0.8055999875068665
MYS,6,0.8136000037193298
MYS,7,0.817799985408783
MYS,8,0.8138999938964844
MYS,9,0.8118000030517578
MYS,10,0.8026999831199646
MYS,11,0.8039000034332275
MYS,12,0.7924000024795532
NAM,1,0.2406000047922134
NAM,2,0.2660999894142151
NAM,3,0.2451000064611435
NAM,4,0.2484000027179718
NAM,5,0.218199998140335
NAM,6,0.1942999958992004
NAM,7,0.1787000000476837
NAM,8,0.1715999990701675
NAM,9,0.1656000018119812
NAM,10,0.163100004196167
NAM,11,0.1671999990940094
NAM,12,0.1916999965906143
NCL,1,0.6851000189781189
NCL,2,0.7179999947547913
NCL,3,0.7423999905586243
NCL,4,0.7540000081062317
NCL,5,0.7515000104904175
NCL,6,0.738099992275238
NCL,7,0.7297000288963318
NCL,8,0.7177000045776367
NCL,9,0.6743999719619751
NCL,10,0.6583999991416931
NCL,11,0.6323999762535095
NCL,12,0.659600019454956
NER,1,0.1222999989986419
NER,2,0.120399996638298
NER,3,0.121299996972084
NER,4,0.1180000007152557
NER,5,0.1149000003933906
NER,6,0.1186999976634979
NER,7,0.1504999995231628
NER,8,0.1925999969244003
NER,9,0.2029999941587448
NER,10,0.1809999942779541
NER,11,0.1528999954462051
NER,12,0.1411000043153762
NGA,1,0.3416999876499176
NGA,2,0.2885000109672546
NGA,3,0.3248000144958496
NGA,4,0.359499990940094
NGA,5,0.4061000049114227
NGA,6,0.5001999735832214
NGA,7,0.5867000222206116
NGA,8,0.6409000158309937
NGA,9,0.6471999883651733
NGA,10,0.6323000192642212
NGA,11,0.5241000056266785
NGA,12,0.400299996137619
NIC,1,0.7096999883651733
NIC,2,0.6777999997138977
NIC,3,0.5983999967575073
NIC,4,0.5680000185966492
NIC,5,0.605400025844574
NIC,6,0.6905999779701233
NIC,7,0.7240999937057495
NIC,8,0.7412999868392944
NIC,9,0.7501000165939331
NIC,10,0.7580999732017517
NIC,11,0.7667999863624573
NIC,12,0.7412999868392944
NLD,1,0.5252000093460083
NLD,2,0.554099977016449
NLD,3,0.5864999890327454
NLD,4,0.645799994468689
NLD,5,0.6632000207901001
NLD,6,0.6777999997138977
NLD,7,0.6876000165939331
NLD,8,0.707099974155426
NLD,9,0.6998999714851379
NLD,10,0.6888999938964844
NLD,11,0.6715999841690063
NLD,12,0.623199999332428
NPL,1,0.4882999956607818
NPL,2,0.4575999975204468
NPL,3,0.4147000014781952
NPL,4,0.4009000062942505
NPL,5,0.4639999866485595
NPL,6,0.5346999764442444
NPL,7,0.6330999732017517
NPL,8,0.6837000250816345
NPL,9,0.6938999891281128
NPL,10,0.6222000122070312
NPL,11,0.5519000291824341
NPL,12,0.512499988079071
NZL,1,0.6944000124931335
NZL,2,0.6802999973297119
NZL,3,0.676800012588501
NZL,4,0.6832000017166138
NZL,5,0.6858000159263611
NZL,6,0.6682999730110168
NZL,7,0.6607999801635742
NZL,8,0.65420001745224
NZL,9,0.6686999797821045
NZL,10,0.6834999918937683
NZL,11,0.703000009059906
NZL,12,0.6970999836921692
OMN,1,0.1039000004529953
OMN,2,0.1032000035047531
OMN,3,0.1054000034928321
OMN,4,0.1077999994158744
OMN,5,0.1083000004291534
OMN,6,0.1058999970555305
OMN,7,0.1015999987721443
OMN,8,0.1019999980926513
OMN,9,0.1049000024795532
OMN,10,0.1040000021457672
OMN,11,0.1066000014543533
OMN,12,0.1045999974012374
PAK,1,0.2331999987363815
PAK,2,0.2355999946594238
PAK,3,0.2215999960899353
PAK,4,0.2018000036478042
PAK,5,0.1771000027656555
PAK,6,0.1840000003576278
PAK,7,0.2334000021219253
PAK,8,0.2885000109672546
PAK,9,0.2949000000953674
PAK,10,0.248999997973442
PAK,11,0.2044000029563903
PAK,12,0.2029999941587448
PAN,1,0.786300003528595
PAN,2,0.7573999762535095
PAN,3,0.7160999774932861
PAN,4,0.7260000109672546
PAN,5,0.7889999747276306
PAN,6,0.8101000189781189
PAN,7,0.8084999918937683
PAN,8,0.8112000226974487
PAN,9,0.8116000294685364
PAN,10,0.8131999969482422
PAN,11,0.8105999827384949
PAN,12,0.8021000027656555
PER,1,0.6407999992370605
PER,2,0.651199996471405
PER,3,0.6574000120162964
PER,4,0.6547999978065491
PER,5,0.6438999772071838
PER,6,0.6320000290870667
PER,7,0.6150000095367432
PER,8,0.6079000234603882
PER,9,0.597100019454956
PER,10,0.5986999869346619
PER,11,0.5972999930381775
PER,12,0.6133000254631042
PHL,1,0.7649000287055969
PHL,2,0.7526999711990356
PHL,3,0.7120000123977661
PHL,4,0.6869999766349792
PHL,5,0.7050999999046326
PHL,6,0.7627000212669373
PHL,7,0.7871999740600586
PHL,8,0.7996000051498413
PHL,9,0.7924000024795532
PHL,10,0.78329998254776
PHL,11,0.7754999995231628
PHL,12,0.7649000287055969
PNG,1,0.8158000111579895
PNG,2,0.8120999932289124
PNG,3,0.8137000203132629
PNG,4,0.8220000267028809
PNG,5,0.8137999773025513
PNG,6,0.8140000104904175
PNG,7,0.7983999848365784
PNG,8,0.8044000267982483
PNG,9,0.802299976348877
PNG,10,0.7997000217437744
PNG,11,0.8057000041007996
PNG,12,0.8061000108718872
POL,1,0.3774000108242035
POL,2,0.5099999904632568
POL,3,0.5315999984741211
POL,4,0.6132000088691711
POL,5,0.6934999823570251
POL,6,0.7109000086784363
POL,7,0.6714000105857849
POL,8,0.650600016117096
POL,9,0.6283000111579895
POL,10,0.6175000071525574
POL,11,0.5929999947547913
POL,12,0.553600013256073
PRI,1,0.7480000257492065
PRI,2,0.7317000031471252
PRI,3,0.7355999946594238
PRI,4,0.7391999959945679
PRI,5,0.7473999857902527
PRI,6,0.7529000043869019
PRI,7,0.7425000071525574
PRI,8,0.7574999928474426
PRI,9,0.7861999869346619
PRI,10,0.779699981212616
PRI,11,0.7935000061988831
PRI,12,0.7890999913215637
PRK,1,0.1889999955892563
PRK,2,0.2527999877929687
PRK,3,0.2937999963760376
PRK,4,0.4268999993801117
PRK,5,0.6502000093460083
PRK,6,0.7196000218391418
PRK,7,0.8041999936103821
PRK,8,0.8256000280380249
PRK,9,0.7795000076293945
PRK,10,0.6193000078201294
PRK,11,0.4124999940395355
PRK,12,0.3641999959945678
PRT,1,0.6696000099182129
PRT,2,0.6462000012397766
PRT,3,0.637499988079071
PRT,4,0.6198999881744385
PRT,5,0.588699996471405
PRT,6,0.5286999940872192
PRT,7,0.5171999931335449
PRT,8,0.4909000098705292
PRT,9,0.4785000085830688
PRT,10,0.5271000266075134
PRT,11,0.6074000000953674
PRT,12,0.6520000100135803
PRY,1,0.7038999795913696
PRY,2,0.6521000266075134
PRY,3,0.6787999868392944
PRY,4,0.6973000168800354
PRY,5,0.699999988079071
PRY,6,0.628600001335144
PRY,7,0.5788000226020813
PRY,8,0.5313000082969666
PRY,9,0.4966999888420105
PRY,10,0.5709999799728394
PRY,11,0.6323999762535095
PRY,12,0.6970999836921692
PSE,1,0.3560999929904938
PSE,2,0.4223000109195709
PSE,3,0.395000010728836
PSE,4,0.3156999945640564
PSE,5,0.2504999935626983
PSE,6,0.2122000008821487
PSE,7,0.2045000046491623
PSE,8,0.1987999975681305
PSE,9,0.1918999999761581
PSE,10,0.1946000009775161
PSE,11,0.1996999979019165
PSE,12,0.2205999940633773
QAT,1,0.09009999781847
QAT,2,0.0879999995231628
QAT,3,0.0903000012040138
QAT,4,0.0851999968290329
QAT,5,0.0824000015854835
QAT,6,0.0825999975204467
QAT,7,0.0830999985337257
QAT,8,0.0811000019311904
QAT,9,0.0817999988794326
QAT,10,0.0789000019431114
QAT,11,0.0812000036239624
QAT,12,0.0825000032782554
ROU,1,0.3556999862194061
ROU,2,0.4146000146865845
ROU,3,0.48539999127388
ROU,4,0.6428999900817871
ROU,5,0.7285000085830688
ROU,6,0.715399980545044
ROU,7,0.6531000137329102
ROU,8,0.6128000020980835
ROU,9,0.5802000164985657
ROU,10,0.5964000225067139
ROU,11,0.5141000151634216
ROU,12,0.4812999963760376
RUS,1,0.0333999991416931
RUS,2,0.061099998652935
RUS,3,0.0829999968409538
RUS,4,0.1653999984264373
RUS,5,0.3930000066757202
RUS,6,0.6190999746322632
RUS,7,0.6890000104904175
RUS,8,0.6717000007629395
RUS,9,0.5745000243186951
RUS,10,0.3276999890804291
RUS,11,0.1300999969244003
RUS,12,0.1042999997735023
RWA,1,0.6832000017166138
RWA,2,0.6588000059127808
RWA,3,0.6678000092506409
RWA,4,0.7031000256538391
RWA,5,0.6985999941825867
RWA,6,0.6406000256538391
RWA,7,0.5583999752998352
RWA,8,0.5095999836921692
RWA,9,0.4842000007629394
RWA,10,0.5486000180244446
RWA,11,0.6322000026702881
RWA,12,0.7063999772071838
SAU,1,0.1138999983668327
SAU,2,0.1137999966740608
SAU,3,0.1105000004172325
SAU,4,0.1116999983787536
SAU,5,0.1088000014424324
SAU,6,0.1066000014543533
SAU,7,0.1035000011324882
SAU,8,0.1054999977350235
SAU,9,0.1064999997615814
SAU,10,0.1033999994397163
SAU,11,0.1058000028133392
SAU,12,0.1068999990820884
SDN,1,0.1527000069618225
SDN,2,0.1462000012397766
SDN,3,0.1404999941587448
SDN,4,0.1387999951839447
SDN,5,0.1377999931573867
SDN,6,0.1668999940156936
SDN,7,0.2190999984741211
SDN,8,0.2897000014781952
SDN,9,0.3070000112056732
SDN,10,0.2702000141143799
SDN,11,0.2180999964475631
SDN,12,0.1871999949216842
SEN,1,0.2723999917507171
SEN,2,0.2388000041246414
SEN,3,0.2290000021457672
SEN,4,0.2231999933719635
SEN,5,0.225600004196167
SEN,6,0.2617999911308288
SEN,7,0.4334000051021576
SEN,8,0.5527999997138977
SEN,9,0.6179999709129333
SEN,10,0.5756000280380249
SEN,11,0.4350999891757965
SEN,12,0.3337000012397766
SLB,1,0.8379999995231628
SLB,2,0.8216999769210815
SLB,3,0.838699996471405
SLB,4,0.8560000061988831
SLB,5,0.8463000059127808
SLB,6,0.8575999736785889
SLB,7,0.8481000065803528
SLB,8,0.8324999809265137
SLB,9,0.8360999822616577
SLB,10,0.8309999704360962
SLB,11,0.8381999731063843
SLB,12,0.840499997138977
SLE,1,0.6226999759674072
SLE,2,0.5249999761581421
SLE,3,0.5577999949455261
SLE,4,0.6162999868392944
SLE,5,0.6765999794006348
SLE,6,0.7452999949455261
SLE,7,0.7616000175476074
SLE,8,0.7842000126838684
SLE,9,0.788100004196167
SLE,10,0.78329998254776
SLE,11,0.7608000040054321
SLE,12,0.6960999965667725
SLV,1,0.6646000146865845
SLV,2,0.5782999992370605
SLV,3,0.5297999978065491
SLV,4,0.5590999722480774
SLV,5,0.6944000124931335
SLV,6,0.7645000219345093
SLV,7,0.8015999794006348
SLV,8,0.8003000020980835
SLV,9,0.8073999881744385
SLV,10,0.8116999864578247
SLV,11,0.79339998960495
SLV,12,0.7512999773025513
SOM,1,0.3461000025272369
SOM,2,0.2838999927043915
SOM,3,0.2531999945640564
SOM,4,0.3860000073909759
SOM,5,0.4163999855518341
SOM,6,0.3503000140190124
SOM,7,0.2966000139713287
SOM,8,0.2685999870300293
SOM,9,0.2669999897480011
SOM,10,0.2720000147819519
SOM,11,0.3249000012874603
SOM,12,0.3089999854564667
SRB,1,0.4061999917030334
SRB,2,0.4178000092506408
SRB,3,0.4815999865531921
SRB,4,0.6327000260353088
SRB,5,0.7117000222206116
SRB,6,0.7264999747276306
SRB,7,0.7283999919891357
SRB,8,0.651199996471405
SRB,9,0.5782999992370605
SRB,10,0.5967000126838684
SRB,11,0.4955999851226806
SRB,12,0.4487000107765198
SSD,1,0.4253000020980835
SSD,2,0.3664000034332275
SSD,3,0.3637000024318695
SSD,4,0.4469000101089477
SSD,5,0.5253000259399414
SSD,6,0.6567999720573425
SSD,7,0.7276999950408936
SSD,8,0.7639999985694885
SSD,9,0.7416999936103821
SSD,10,0.7009000182151794
SSD,11,0.6378999948501587
SSD,12,0.5246000289916992
SUR,1,0.8191999793052673
SUR,2,0.786300003528595
SUR,3,0.8008999824523926
SUR,4,0.7860000133514404
SUR,5,0.8069999814033508
SUR,6,0.8148999810218811
SUR,7,0.8047000169754028
SUR,8,0.8184999823570251
SUR,9,0.8363000154495239
SUR,10,0.8274999856948853
SUR,11,0.8335999846458435
SUR,12,0.8174999952316284
SVK,1,0.4153999984264374
SVK,2,0.4578000009059906
SVK,3,0.5157999992370605
SVK,4,0.6470999717712402
SVK,5,0.7581999897956848
SVK,6,0.781000018119812
SVK,7,0.7409999966621399
SVK,8,0.708299994468689
SVK,9,0.6657000184059143
SVK,10,0.6624000072479248
SVK,11,0.5788999795913696
SVK,12,0.5512999892234802
SVN,1,0.5454999804496765
SVN,2,0.5582000017166138
SVN,3,0.5782999992370605
SVN,4,0.6902999877929688
SVN,5,0.7792999744415283
SVN,6,0.7748000025749207
SVN,7,0.788100004196167
SVN,8,0.7785999774932861
SVN,9,0.7610999941825867
SVN,10,0.722599983215332
SVN,11,0.6504999995231628
SVN,12,0.614300012588501
SWE,1,0.0811000019311904
SWE,2,0.2105000019073486
SWE,3,0.2275999933481216
SWE,4,0.2831000089645386
SWE,5,0.5947999954223633
SWE,6,0.7056000232696533
SWE,7,0.7433000206947327
SWE,8,0.7336999773979187
SWE,9,0.6984999775886536
SWE,10,0.6032000184059143
SWE,11,0.3925999999046325
SWE,12,0.3490000069141388
SWZ,1,0.7386999726295471
SWZ,2,0.7263000011444092
SWZ,3,0.7005000114440918
SWZ,4,0.7394000291824341
SWZ,5,0.6617000102996826
SWZ,6,0.5763000249862671
SWZ,7,0.4932999908924103
SWZ,8,0.4244000017642975
SWZ,9,0.4260999858379364
SWZ,10,0.4925000071525574
SWZ,11,0.6057000160217285
SWZ,12,0.6496000289916992
SYR,1,0.2329999953508377
SYR,2,0.2820000052452087
SYR,3,0.3021999895572662
SYR,4,0.2883000075817108
SYR,5,0.1921000033617019
SYR,6,0.1492000073194503
SYR,7,0.1437000036239624
SYR,8,0.1448999941349029
SYR,9,0.1438000053167343
SYR,10,0.1424999982118606
SYR,11,0.1447000056505203
SYR,12,0.147599995136261
TCD,1,0.1724999994039535
TCD,2,0.159400001168251
TCD,3,0.1552000045776367
TCD,4,0.1569000035524368
TCD,5,0.1559000015258789
TCD,6,0.2135999947786331
TCD,7,0.3016000092029571
TCD,8,0.3524999916553497
TCD,9,0.3470999896526336
TCD,10,0.3115000128746032
TCD,11,0.2576000094413757
TCD,12,0.2193000018596649
TGO,1,0.4142999947071075
TGO,2,0.3370000123977661
TGO,3,0.4063000082969665
TGO,4,0.4851000010967254
TGO,5,0.5630999803543091
TGO,6,0.6308000087738037
TGO,7,0.6563000082969666
TGO,8,0.6685000061988831
TGO,9,0.7026000022888184
TGO,10,0.7157999873161316
TGO,11,0.6080999970436096
TGO,12,0.4535999894142151
THA,1,0.60589998960495
THA,2,0.5724999904632568
THA,3,0.5516999959945679
THA,4,0.5526999831199646
THA,5,0.5975000262260437
THA,6,0.6886000037193298
THA,7,0.7454000115394592
THA,8,0.7529000043869019
THA,9,0.7597000002861023
THA,10,0.7559000253677368
THA,11,0.7003999948501587
THA,12,0.6485000252723694
TJK,1,0.0763000026345253
TJK,2,0.0729999989271164
TJK,3,0.0851000025868415
TJK,4,0.1351000070571899
TJK,5,0.202000007033348
TJK,6,0.228300005197525
TJK,7,0.2314999997615814
TJK,8,0.2114000022411346
TJK,9,0.1870999932289123
TJK,10,0.1508000046014785
TJK,11,0.1055999994277954
TJK,12,0.0745000019669532
TKM,1,0.1138999983668327
TKM,2,0.1181999966502189
TKM,3,0.1374000012874603
TKM,4,0.1492999941110611
TKM,5,0.1455000042915344
TKM,6,0.1298000067472458
TKM,7,0.1218999996781349
TKM,8,0.1225999966263771
TKM,9,0.1208000034093856
TKM,10,0.1164000034332275
TKM,11,0.1185000017285347
TKM,12,0.124499998986721
TLS,1,0.7303000092506409
TLS,2,0.7728999853134155
TLS,3,0.782800018787384
TLS,4,0.7968000173568726
TLS,5,0.7835999727249146
TLS,6,0.7520999908447266
TLS,7,0.7189000248908997
TLS,8,0.6880999803543091
TLS,9,0.6247000098228455
TLS,10,0.6173999905586243
TLS,11,0.6517000198364258
TLS,12,0.7488999962806702
TTO,1,0.7728999853134155
TTO,2,0.7265999913215637
TTO,3,0.6776000261306763
TTO,4,0.6714000105857849
TTO,5,0.692300021648407
TTO,6,0.7116000056266785
TTO,7,0.7319999933242798
TTO,8,0.7731000185012817
TTO,9,0.7950999736785889
TTO,10,0.784500002861023
TTO,11,0.7925000190734863
TTO,12,0.7749999761581421
TUN,1,0.1886000037193298
TUN,2,0.2205999940633773
TUN,3,0.2249999940395355
TUN,4,0.2053000032901764
TUN,5,0.1746000051498413
TUN,6,0.148399993777275
TUN,7,0.1437000036239624
TUN,8,0.1431999951601028
TUN,9,0.1477999985218048
TUN,10,0.1535000056028366
TUN,11,0.1797000020742416
TUN,12,0.2003999948501587
TUR,1,0.3242000043392181
TUR,2,0.3357999920845032
TUR,3,0.3653999865055084
TUR,4,0.458400011062622
TUR,5,0.5029000043869019
TUR,6,0.4641000032424927
TUR,7,0.4160999953746795
TUR,8,0.3890999853610992
TUR,9,0.3763999938964844
TUR,10,0.3722999989986419
TUR,11,0.3337000012397766
TUR,12,0.305400013923645
TWN,1,0.7006999850273132
TWN,2,0.6815000176429749
TWN,3,0.6714000105857849
TWN,4,0.7117999792098999
TWN,5,0.745199978351593
TWN,6,0.75
TWN,7,0.7483000159263611
TWN,8,0.7559000253677368
TWN,9,0.7736999988555908
TWN,10,0.7656999826431274
TWN,11,0.7318999767303467
TWN,12,0.7200000286102295
TZA,1,0.6559000015258789
TZA,2,0.669700026512146
TZA,3,0.6674000024795532
TZA,4,0.6668999791145325
TZA,5,0.6389999985694885
TZA,6,0.5527999997138977
TZA,7,0.4781000018119812
TZA,8,0.4122999906539917
TZA,9,0.3887999951839447
TZA,10,0.4101999998092651
TZA,11,0.4731000065803528
TZA,12,0.6140999794006348
UGA,1,0.5284000039100647
UGA,2,0.4837000072002411
UGA,3,0.4948000013828277
UGA,4,0.5842000246047974
UGA,5,0.6304000020027161
UGA,6,0.61080002784729
UGA,7,0.5809999704360962
UGA,8,0.5934000015258789
UGA,9,0.5910999774932861
UGA,10,0.6043000221252441
UGA,11,0.6134999990463257
UGA,12,0.595300018787384
UKR,1,0.1977999955415725
UKR,2,0.3573000133037567
UKR,3,0.3680000007152557
UKR,4,0.5324000120162964
UKR,5,0.6233000159263611
UKR,6,0.660099983215332
UKR,7,0.6424000263214111
UKR,8,0.5864999890327454
UKR,9,0.4844000041484833
UKR,10,0.4595000147819519
UKR,11,0.4381999969482422
UKR,12,0.4289999902248382
URY,1,0.6729999780654907
URY,2,0.6603000164031982
URY,3,0.7121999859809875
URY,4,0.7214000225067139
URY,5,0.6886000037193298
URY,6,0.6553999781608582
URY,7,0.6189000010490417
URY,8,0.6025999784469604
URY,9,0.6470999717712402
URY,10,0.7010999917984009
URY,11,0.6762999892234802
URY,12,0.6482999920845032
USA,1,0.2280000001192093
USA,2,0.2458000034093856
USA,3,0.270000010728836
USA,4,0.3307999968528747
USA,5,0.4564000070095062
USA,6,0.5566999912261963
USA,7,0.5925999879837036
USA,8,0.5837000012397766
USA,9,0.5343999862670898
USA,10,0.4453000128269195
USA,11,0.2967999875545501
USA,12,0.2996000051498413
UZB,1,0.1330000013113021
UZB,2,0.1342000067234039
UZB,3,0.1550000011920929
UZB,4,0.188400000333786
UZB,5,0.1923000067472458
UZB,6,0.1771000027656555
UZB,7,0.1712999939918518
UZB,8,0.1745000034570694
UZB,9,0.1686999946832656
UZB,10,0.1597999930381775
UZB,11,0.1517000049352646
UZB,12,0.1554999947547912
VEN,1,0.6953999996185303
VEN,2,0.6549999713897705
VEN,3,0.6324999928474426
VEN,4,0.6297000050544739
VEN,5,0.6832000017166138
VEN,6,0.724399983882904
VEN,7,0.7336000204086304
VEN,8,0.7466999888420105
VEN,9,0.7509999871253967
VEN,10,0.7527999877929688
VEN,11,0.7502999901771545
VEN,12,0.7258999943733215
VNM,1,0.6809999942779541
VNM,2,0.6656000018119812
VNM,3,0.651199996471405
VNM,4,0.6644999980926514
VNM,5,0.6855000257492065
VNM,6,0.7325000166893005
VNM,7,0.7587000131607056
VNM,8,0.7563999891281128
VNM,9,0.7556999921798706
VNM,10,0.7396000027656555
VNM,11,0.7267000079154968
VNM,12,0.7053999900817871
VUT,1,0.8687999844551086
VUT,2,0.8737999796867371
VUT,3,0.8568000197410583
VUT,4,0.8924000263214111
VUT,5,0.8597000241279602
VUT,6,0.8859999775886536
VUT,7,0.8737999796867371
VUT,8,0.8776999711990356
VUT,9,0.8623999953269958
VUT,10,0.8684999942779541
VUT,11,0.8568000197410583
VUT,12,0.8644000291824341
YEM,1,0.1380999982357025
YEM,2,0.1334999948740005
YEM,3,0.1306000053882599
YEM,4,0.1391000002622604
YEM,5,0.1445000022649765
YEM,6,0.1389999985694885
YEM,7,0.1325999945402145
YEM,8,0.1518999934196472
YEM,9,0.1674000024795532
YEM,10,0.1578000038862228
YEM,11,0.1553000062704086
YEM,12,0.1491000056266784
ZAF,1,0.417600005865097
ZAF,2,0.4187000095844269
ZAF,3,0.3828000128269195
ZAF,4,0.3986999988555908
ZAF,5,0.3770999908447265
ZAF,6,0.338699996471405
ZAF,7,0.3093000054359436
ZAF,8,0.2829999923706054
ZAF,9,0.2721999883651733
ZAF,10,0.2748999893665313
ZAF,11,0.3059000074863434
ZAF,12,0.3470000028610229
ZMB,1,0.6901999711990356
ZMB,2,0.6923999786376953
ZMB,3,0.6669999957084656
ZMB,4,0.6471999883651733
ZMB,5,0.5751000046730042
ZMB,6,0.4916999936103821
ZMB,7,0.4221999943256378
ZMB,8,0.3662000000476837
ZMB,9,0.3574000000953674
ZMB,10,0.3950999975204468
ZMB,11,0.488099992275238
ZMB,12,0.5949000120162964
ZWE,1,0.608299970626831
ZWE,2,0.6039999723434448
ZWE,3,0.5457000136375427
ZWE,4,0.5149999856948853
ZWE,5,0.4413000047206878
ZWE,6,0.3822000026702881
ZWE,7,0.3380999863147735
ZWE,8,0.3043999969959259
ZWE,9,0.2878000140190124
ZWE,10,0.2827999889850616
ZWE,11,0.3321999907493591
ZWE,12,0.426800012588501
